State,STATE PCODE,District, Township ,Township Pcode,Population (2014 Cen.),Population (2021 Proj),Urban Pop  (2021 Proj), Rural Pop  (2021 Proj),% of people with disabilities (Age 5 yrs+),% Female,% CHILDREN  (Age 18<),% ADULTS ( Age 18-60),% ELDERS  (Age 60+),Population baseline (without IDPs),IDPs,IDP returnees/ resettled/ locally integrated (Sep 2021),Non-displaced stateless people in Rakhine (2021 HNO),# of most vulnerable crisis-affected people BASELINE,%IDPs,%Returnees,%Rakhine State/Less,%Other vulnerable People
Ayeyarwady,MMR017,Hinthada,Hinthada,MMR017008,338435,338333.033,83736.76336,254596.2696,0.173281789,0.52813982,0.346785174,0.570961784,0.082253042,338333.033,0,0,,179483.1515,,0,0,100
Ayeyarwady,MMR017,Hinthada,Zalun,MMR017009,168203,168152.3222,21247.59639,146904.7258,0.173281789,0.52644721,0.346785174,0.570961784,0.082253042,168152.3222,0,0,,89203.55321,,0,0,100
Ayeyarwady,MMR017,Hinthada,Lemyethna,MMR017010,103024,102992.9599,2856.139215,100136.8207,0.173281789,0.517966687,0.346785174,0.570961784,0.082253042,102992.9599,0,0,,54636.99736,,0,0,100
Ayeyarwady,MMR017,Hinthada,Myanaung,MMR017011,218581,218515.1438,22543.20591,195971.9379,0.173281789,0.531967554,0.346785174,0.570961784,0.082253042,218515.1438,0,0,,115920.6546,,0,0,100
Ayeyarwady,MMR017,Hinthada,Kyangin,MMR017012,96083,96054.05117,19489.12636,76564.92482,0.173281789,0.525170946,0.346785174,0.570961784,0.082253042,96054.05117,0,0,,50955.958,,0,0,100
Ayeyarwady,MMR017,Hinthada,Ingapu,MMR017013,214384,214319.4083,13315.98682,201003.4215,0.173281789,0.522459698,0.346785174,0.570961784,0.082253042,214319.4083,0,0,,113694.8482,,0,0,100
Ayeyarwady,MMR017,Labutta,Labutta,MMR017016,315218,315123.028,33392.93602,281730.092,0.173281789,0.495866353,0.346785174,0.570961784,0.082253042,315123.028,0,0,,167170.4169,,0,0,100
Ayeyarwady,MMR017,Labutta,Mawlamyinegyun,MMR017018,311340,311246.1964,32905.08305,278341.1134,0.173281789,0.508167919,0.346785174,0.570961784,0.082253042,311246.1964,0,0,,165113.7867,,0,0,100
Ayeyarwady,MMR017,Maubin,Maubin,MMR017019,314093,313998.367,43098.0111,270900.3559,0.173281789,0.513074153,0.346785174,0.570961784,0.082253042,313998.367,0,0,,166573.7926,,0,0,100
Ayeyarwady,MMR017,Maubin,Pantanaw,MMR017020,264596,264516.2799,19814.02844,244702.2515,0.173281789,0.515782552,0.346785174,0.570961784,0.082253042,264516.2799,0,0,,140323.9144,,0,0,100
Ayeyarwady,MMR017,Maubin,Nyaungdon,MMR017021,215906,215840.9497,24447.63196,191393.3178,0.173281789,0.510374885,0.346785174,0.570961784,0.082253042,215840.9497,0,0,,114502.0146,,0,0,100
Ayeyarwady,MMR017,Maubin,Danubyu,MMR017022,179353,179298.9628,21755.44333,157543.5194,0.173281789,0.521753191,0.346785174,0.570961784,0.082253042,179298.9628,0,0,,95116.76296,,0,0,100
Ayeyarwady,MMR017,Myaungmya,Myaungmya,MMR017014,298637,298547.0237,58680.31489,239866.7088,0.173281789,0.511205912,0.346785174,0.570961784,0.082253042,298547.0237,0,0,,158376.9702,,0,0,100
Ayeyarwady,MMR017,Myaungmya,Einme,MMR017015,194101,194042.5193,13549.91632,180492.603,0.173281789,0.512475464,0.346785174,0.570961784,0.082253042,194042.5193,0,0,,102938.1098,,0,0,100
Ayeyarwady,MMR017,Myaungmya,Wakema,MMR017017,289106,289018.8953,22174.31709,266844.5782,0.173281789,0.51333421,0.346785174,0.570961784,0.082253042,289018.8953,0,0,,153322.3691,,0,0,100
Ayeyarwady,MMR017,Pathein,Pathein,MMR017001,380985,380870.2131,187385.5256,193484.6875,0.173281789,0.514931034,0.346785174,0.570961784,0.082253042,380870.2131,0,0,,211460.4613,,0,0,100
Ayeyarwady,MMR017,Pathein,Kangyidaunt,MMR017002,177990,177936.3734,11088.65809,166847.7153,0.173281789,0.511787179,0.346785174,0.570961784,0.082253042,177936.3734,0,0,,94393.91947,,0,0,100
Ayeyarwady,MMR017,Pathein,Thabaung,MMR017003,154400,154353.4809,7297.800584,147055.6803,0.173281789,0.509954663,0.346785174,0.570961784,0.082253042,154353.4809,0,0,,81883.37079,,0,0,100
Ayeyarwady,MMR017,Pathein,Ngapudaw,MMR017004,324479,324381.2378,28723.34334,295657.8944,0.173281789,0.49761926,0.346785174,0.570961784,0.082253042,324381.2378,0,0,,172081.8282,,0,0,100
Ayeyarwady,MMR017,Pathein,Kyonpyaw,MMR017005,235727,235655.9779,23958.77929,211697.1986,0.173281789,0.517501177,0.346785174,0.570961784,0.082253042,235655.9779,0,0,,125013.7393,,0,0,100
Ayeyarwady,MMR017,Pathein,Yegyi,MMR017006,194100,194041.5196,29361.15112,164680.3685,0.173281789,0.524023699,0.346785174,0.570961784,0.082253042,194041.5196,0,0,,107732.5237,,0,0,100
Ayeyarwady,MMR017,Pathein,Kyaunggon,MMR017007,163035,162985.8792,16047.1637,146938.7155,0.173281789,0.516944214,0.346785174,0.570961784,0.082253042,162985.8792,0,0,,86462.79376,,0,0,100
Ayeyarwady,MMR017,Pyapon,Pyapon,MMR017023,314122,314027.3582,52470.1865,261557.1717,0.173281789,0.504631958,0.346785174,0.570961784,0.082253042,314027.3582,0,0,,166589.1723,,0,0,100
Ayeyarwady,MMR017,Pyapon,Bogale,MMR017024,322665,322567.7843,43210.97705,279356.8073,0.173281789,0.5063115,0.346785174,0.570961784,0.082253042,322567.7843,0,0,,171119.8046,,0,0,100
Ayeyarwady,MMR017,Pyapon,Kyaiklat,MMR017025,193340,193281.7486,24471.62473,168810.1239,0.173281789,0.509480708,0.346785174,0.570961784,0.082253042,193281.7486,0,0,,102534.5266,,0,0,100
Ayeyarwady,MMR017,Pyapon,Dedaye,MMR017026,202926,202864.8605,15315.38424,187549.4762,0.173281789,0.509111696,0.346785174,0.570961784,0.082253042,202864.8605,0,0,,107618.296,,0,0,100
Bago (East),MMR111,Bago,Bago,MMR007001,491434,498305.6739,257981.5861,240324.0878,0.125583434,0.520731166,0.33761189,0.574855882,0.087532227,498305.6739,0,0,,286336.585,,0,0,100
Bago (East),MMR111,Bago,Thanatpin,MMR007002,145287,147318.534,16043.23749,131275.2965,0.125583434,0.524141871,0.33761189,0.574855882,0.087532227,147318.534,0,0,,77279.72233,,0,0,100
Bago (East),MMR111,Bago,Kawa,MMR007003,197363,200122.7077,17639.24658,182483.4611,0.125583434,0.524713345,0.33761189,0.574855882,0.087532227,200122.7077,0,0,,104979.5084,,0,0,100
Bago (East),MMR111,Bago,Waw,MMR007004,176014,178475.1867,23466.60632,155008.5803,0.125583434,0.524475326,0.33761189,0.574855882,0.087532227,178475.1867,0,0,,93623.74505,,0,0,100
Bago (East),MMR111,Bago,Nyaunglebin,MMR007005,199483,202272.3514,60072.4031,142199.9483,0.125583434,0.526455888,0.33761189,0.574855882,0.087532227,202272.3514,0,0,,106107.1593,,0,0,100
Bago (East),MMR111,Bago,Kyauktaga,MMR007006,251212,254724.673,32098.64277,222626.0302,0.125583434,0.522220276,0.33761189,0.574855882,0.087532227,254724.673,0,0,,133622.3723,,0,0,100
Bago (East),MMR111,Bago,Daik-U,MMR007007,202530,205361.9573,39015.02015,166346.9372,0.125583434,0.524208759,0.33761189,0.574855882,0.087532227,205361.9573,0,0,,107727.8914,,0,0,100
Bago (East),MMR111,Bago,Shwegyin,MMR007008,107462,108964.6307,24922.68577,84041.94494,0.125583434,0.505946288,0.33761189,0.574855882,0.087532227,108964.6307,0,0,,57160.19686,,0,0,100
Bago (East),MMR111,Taungoo,Taungoo,MMR007009,262056,265720.3036,110107.3894,155612.9142,0.125583434,0.522460848,0.33761189,0.574855882,0.087532227,265720.3036,0,0,,139390.4129,,0,0,100
Bago (East),MMR111,Taungoo,Yedashe,MMR007010,213593,216579.6502,24761.46249,191818.1877,0.125583434,0.516379282,0.33761189,0.574855882,0.087532227,216579.6502,0,0,,113612.4205,,0,0,100
Bago (East),MMR111,Taungoo,Kyaukkyi,MMR007011,113329,114913.6684,10966.22509,103947.4433,0.125583434,0.520978743,0.33761189,0.574855882,0.087532227,112400.6684,2513,0,,61775.18555,,0,0,100
Bago (East),MMR111,Taungoo,Phyu,MMR007012,257273,260870.4234,64773.22783,196097.1955,0.125583434,0.529204386,0.33761189,0.574855882,0.087532227,260870.4234,0,0,,136846.2836,,0,0,100
Bago (East),MMR111,Taungoo,Oktwin,MMR007013,159828,162062.8594,14340.76019,147722.0992,0.125583434,0.528361739,0.33761189,0.574855882,0.087532227,162062.8594,0,0,,85014.23707,,0,0,100
Bago (East),MMR111,Taungoo,Htantabin,MMR007014,117276,118915.8589,10027.27693,108888.582,0.125583434,0.528181384,0.33761189,0.574855882,0.087532227,118915.8589,0,0,,62380.36931,,0,0,100
Bago (West),MMR111,Pyay,Pyay,MMR008001,251643,255161.6996,136746.7483,118414.9514,0.125583434,0.524445345,0.33761189,0.574855882,0.087532227,255161.6996,0,0,,140236.3666,,0,0,100
Bago (West),MMR111,Pyay,Paukkhaung,MMR008002,124856,126601.8493,14233.27801,112368.5713,0.125583434,0.51190972,0.33761189,0.574855882,0.087532227,126601.8493,0,0,,66412.25307,,0,0,100
Bago (West),MMR111,Pyay,Padaung,MMR008003,144214,146230.5304,17925.18976,128305.3406,0.125583434,0.519575076,0.33761189,0.574855882,0.087532227,146230.5304,0,0,,76708.98206,,0,0,100
Bago (West),MMR111,Pyay,Paungde,MMR008004,137561,139484.5021,25810.93479,113673.5673,0.125583434,0.518671717,0.33761189,0.574855882,0.087532227,139484.5021,0,0,,73170.1796,,0,0,100
Bago (West),MMR111,Pyay,Thegon,MMR008005,130957,132788.159,15972.25869,116815.9003,0.125583434,0.52803592,0.33761189,0.574855882,0.087532227,132788.159,0,0,,69657.44077,,0,0,100
Bago (West),MMR111,Pyay,Shwedaung,MMR008006,121671,123372.3138,17928.23171,105444.0821,0.125583434,0.53450699,0.33761189,0.574855882,0.087532227,123372.3138,0,0,,64718.11722,,0,0,100
Bago (West),MMR111,Thayarwady,Thayarwady,MMR008007,151104,153216.8726,36315.79767,116901.0749,0.125583434,0.518397925,0.33761189,0.574855882,0.087532227,153216.8726,0,0,,80373.84737,,0,0,100
Bago (West),MMR111,Thayarwady,Letpadan,MMR008008,177407,179887.6648,25138.66413,154749.0007,0.125583434,0.524280327,0.33761189,0.574855882,0.087532227,179887.6648,0,0,,94364.69677,,0,0,100
Bago (West),MMR111,Thayarwady,Minhla,MMR008009,122491,124203.7798,11860.55801,112343.2217,0.125583434,0.521785274,0.33761189,0.574855882,0.087532227,124203.7798,0,0,,65154.28406,,0,0,100
Bago (West),MMR111,Thayarwady,Okpho,MMR008010,126662,128433.1024,11686.15296,116746.9495,0.125583434,0.520732343,0.33761189,0.574855882,0.087532227,128433.1024,0,0,,67372.88395,,0,0,100
Bago (West),MMR111,Thayarwady,Zigon,MMR008011,67523,68467.16755,15446.00156,53021.16599,0.125583434,0.523614176,0.33761189,0.574855882,0.087532227,68467.16755,0,0,,35916.21199,,0,0,100
Bago (West),MMR111,Thayarwady,Nattalin,MMR008012,172141,174548.0309,19193.68237,155354.3485,0.125583434,0.52316415,0.33761189,0.574855882,0.087532227,174548.0309,0,0,,91563.65457,,0,0,100
Bago (West),MMR111,Thayarwady,Monyo,MMR008013,127570,129353.7989,9589.236312,119764.5626,0.125583434,0.524465,0.33761189,0.574855882,0.087532227,129353.7989,0,0,,67855.85894,,0,0,100
Bago (West),MMR111,Thayarwady,Gyobingauk,MMR008014,117433,119075.0542,23267.86567,95807.18856,0.125583434,0.525269728,0.33761189,0.574855882,0.087532227,119075.0542,0,0,,62463.87931,,0,0,100
Chin,MMR004,Falam,Falam,MMR004001,48077,51831.49727,13687.47404,38144.02323,0.206297108,0.508642386,0.461809812,0.472438445,0.065751742,47521.49727,4310,0,,27912.50141,,0,0,100
Chin,MMR004,Falam,Tedim,MMR004004,87623,94465.77959,14502.51266,79963.26693,0.206297108,0.52150691,0.461809812,0.472438445,0.065751742,94465.77959,0,0,,57537.53562,,0,0,100
Chin,MMR004,Falam,Tonzang,MMR004005,31878,34367.46199,5635.194297,28732.26769,0.206297108,0.50774829,0.461809812,0.472438445,0.065751742,34367.46199,0,0,,20186.27119,,0,0,100
Chin,MMR004,Hakha,Hakha,MMR004002,48352,52127.97296,26872.55654,25255.41642,0.206297108,0.523866645,0.461809812,0.472438445,0.065751742,51872.97296,255,0,,32721.52129,,0,0,100
Chin,MMR004,Hakha,Thantlang,MMR004003,50374,54307.87785,8179.494765,46128.38309,0.206297108,0.516040021,0.461809812,0.472438445,0.065751742,52913.87785,1394,0,,32228.96317,,0,0,100
Chin,MMR004,Matupi,Matupi,MMR004007,51351,55361.17512,11698.39168,43662.78344,0.206297108,0.529687835,0.461809812,0.472438445,0.065751742,55361.17512,0,0,,32517.25992,,0,0,100
Chin,MMR004,Matupi,Paletwa,MMR004009,97053,104632.2005,10140.54669,94491.65383,0.206297108,0.518098359,0.461809812,0.472438445,0.065751742,94791.20053,9841,0,,55677.10763,,0,0,100
Chin,MMR004,Mindat,Mindat,MMR004006,42600,45926.77962,12403.46478,33523.31484,0.206297108,0.536924883,0.461809812,0.472438445,0.065751742,41106.77962,4820,0,,28608.41677,,0,0,100
Chin,MMR004,Mindat,Kanpetlet,MMR004008,21493,23171.46184,4483.790527,18687.67131,0.206297108,0.520169357,0.461809812,0.472438445,0.065751742,21969.46184,1202,0,,13381.23391,,0,0,100
Kachin,MMR001,Bhamo,Bhamo,MMR001010,135877,154328.682,66666.73769,87661.94428,0.088977616,0.508982388,0.360097538,0.584906269,0.054996193,144751.682,9577,2121,,72458.19,,2.843956873,0,97.15604313
Kachin,MMR001,Bhamo,Shwegu,MMR001011,94784,107655.378,23535.98437,84119.3936,0.088977616,0.502299966,0.360097538,0.584906269,0.054996193,104526.378,3129,0,,55222.86078,,0,0,100
Kachin,MMR001,Bhamo,Momauk,MMR001012,62914,71457.52922,23848.32853,47609.20069,0.088977616,0.506802937,0.360097538,0.584906269,0.054996193,46358.52922,25099,4075,,36068.3553,,10.15111958,0,89.84888042
Kachin,MMR001,Bhamo,Mansi,MMR001013,52945,60134.76944,9252.201943,50882.5675,0.088977616,0.505977902,0.360097538,0.584906269,0.054996193,45890.76944,14244,4547,,24244.78511,,15.79269914,0,84.20730086
Kachin,MMR001,Mohnyin,Mohnyin,MMR001007,209292,237713.215,64333.81076,173379.4042,0.088977616,0.514563385,0.360097538,0.584906269,0.054996193,237321.215,392,129,,125380.3745,,0.102781167,0,99.89721883
Kachin,MMR001,Mohnyin,Mogaung,MMR001008,132608,150615.7618,28408.55328,122207.2085,0.088977616,0.521137488,0.360097538,0.584906269,0.054996193,148983.7618,1632,202,,74576.63751,,0.270130624,0,99.72986938
Kachin,MMR001,Mohnyin,Hpakant,MMR001009,331708,376752.9342,74800.17964,301952.7546,0.088977616,0.36473344,0.360097538,0.584906269,0.054996193,372393.9342,4359,475,,289733.8841,,0.16367521,0,99.83632479
Kachin,MMR001,Myitkyina,Myitkyina,MMR001001,317604,360733.654,279980.7626,80752.89145,0.088977616,0.514971474,0.360097538,0.584906269,0.054996193,349007.654,11726,3868,,184386.0035,,2.054670779,0,97.94532922
Kachin,MMR001,Myitkyina,Waingmaw,MMR001002,125544,142592.4921,30275.80346,112316.6886,0.088977616,0.502445358,0.360097538,0.584906269,0.054996193,115791.4921,26801,8281,,70812.70243,,10.46986011,0,89.53013989
Kachin,MMR001,Myitkyina,Injangyang,MMR001003,1732,1967.200315,505.4296421,1461.770673,0.088977616,0.453810624,0.360097538,0.584906269,0.054996193,1401.200315,566,1145,,662.5193528,,63.34648634,0,36.65351366
Kachin,MMR001,Myitkyina,Tanai,MMR001004,60019,68169.39705,42495.84283,25673.55422,0.088977616,0.467185391,0.360097538,0.584906269,0.054996193,66912.39705,1257,383,,35350.82779,,1.071813527,0,98.92818647
Kachin,MMR001,Myitkyina,Chipwi,MMR001005,20039,22760.23505,3168.873486,19591.36157,0.088977616,0.486002296,0.360097538,0.584906269,0.054996193,20041.23505,2719,1160,,9475.951393,,10.90640562,0,89.09359438
Kachin,MMR001,Myitkyina,Tsawlaw,MMR001006,6518,7403.124511,417.9732771,6985.151233,0.088977616,0.485885241,0.360097538,0.584906269,0.054996193,7403.124511,0,0,,3500.365513,,0,0,100
Kachin,MMR001,Puta-O,Puta-O,MMR001014,61075,69368.79863,18147.76364,51221.03499,0.088977616,0.506148178,0.360097538,0.584906269,0.054996193,68870.79863,498,460,,34474.57981,,1.31674691,0,98.68325309
Kachin,MMR001,Puta-O,Sumprabum,MMR001015,2546,2891.739031,1291.40113,1600.3379,0.088977616,0.492930086,0.360097538,0.584906269,0.054996193,1688.739031,1203,0,,845.3302366,,0,0,100
Kachin,MMR001,Puta-O,Machanbaw,MMR001016,8858,10060.88937,2629.369936,7431.519434,0.088977616,0.4970648,0.360097538,0.584906269,0.054996193,10060.88937,0,0,,4757.01714,,0,0,100
Kachin,MMR001,Puta-O,Nawngmun,MMR001017,7123,8090.281664,2539.641977,5550.639687,0.088977616,0.494173803,0.360097538,0.584906269,0.054996193,8090.281664,0,0,,3825.269032,,0,0,100
Kachin,MMR001,Puta-O,Khaunglanhpu,MMR001018,11655,13237.71344,511.1086268,12726.60481,0.088977616,0.497640498,0.360097538,0.584906269,0.054996193,13237.71344,0,0,,6259.091755,,0,0,100
Kayah,MMR002,Bawlake,Bawlake,MMR002005,10996,12712.895,6328.700187,6384.194818,0.108318941,0.4477992,0.405139781,0.542593684,0.052266535,12712.895,0,0,,6475.489256,,0,0,100
Kayah,MMR002,Bawlake,Hpasawng,MMR002006,25594,29590.1996,3639.52287,25950.67673,0.108318941,0.456669532,0.405139781,0.542593684,0.052266535,29470.1996,120,0,,14207.76875,,0,0,100
Kayah,MMR002,Bawlake,Mese,MMR002007,6319,7305.636917,1171.167937,6134.468979,0.108318941,0.461623675,0.405139781,0.542593684,0.052266535,6985.636917,320,0,,3367.819535,,0,0,100
Kayah,MMR002,Loikaw,Loikaw,MMR002001,128401,148449.2935,59366.53743,89082.75608,0.108318941,0.508500713,0.405139781,0.542593684,0.052266535,127241.2935,21208,0,,78685.26676,,0,0,100
Kayah,MMR002,Loikaw,Demoso,MMR002002,79201,91567.29695,6498.652494,85068.64446,0.108318941,0.508390046,0.405139781,0.542593684,0.052266535,39564.29695,52003,0,,24466.3283,,0,0,100
Kayah,MMR002,Loikaw,Hpruso,MMR002003,29374,33960.40177,4902.02572,29058.37605,0.108318941,0.508510928,0.405139781,0.542593684,0.052266535,27388.40177,6572,0,,13950.66201,,0,0,100
Kayah,MMR002,Loikaw,Shadaw,MMR002004,6742,7794.68335,1818.605297,5976.078054,0.108318941,0.502966479,0.405139781,0.542593684,0.052266535,7794.68335,0,0,,3757.865914,,0,0,100
Kayin,MMR003,Hpa-An,Hpa-An,MMR003001,421575,437422.7904,77965.69032,359457.1001,0.166313027,0.516313823,0.412288294,0.517271522,0.070440184,437271.7904,151,0,,253891.8986,,0,0,100
Kayin,MMR003,Hpa-An,Hlaingbwe,MMR003002,265883,275878.0378,16721.83049,259156.2073,0.166313027,0.511439242,0.412288294,0.517271522,0.070440184,267650.0378,8228,0,,149169.0527,,0,0,100
Kayin,MMR003,Hpa-An,Thandaunggyi,MMR003004,96052,99662.77381,21942.99276,77719.78105,0.166313027,0.494888186,0.412288294,0.517271522,0.070440184,96760.77381,2902,0,,53927.55812,,0,0,100
Kayin,MMR003,Hpapun,Hpapun,MMR003003,35085,36403.91058,17971.0911,18432.81948,0.166313027,0.487444777,0.412288294,0.517271522,0.070440184,-11439.08942,47843,0,,-7707.900518,,0,0,100
Kayin,MMR003,Kawkareik,Kawkareik,MMR003006,220342,228625.0667,44564.5706,184060.4961,0.166313027,0.521089942,0.412288294,0.517271522,0.070440184,228625.0667,0,0,,132745.934,,0,0,100
Kayin,MMR003,Kawkareik,Kyainseikgyi,MMR003007,254849,264429.2492,41411.32892,223017.9203,0.166313027,0.506821687,0.412288294,0.517271522,0.070440184,264429.2492,0,0,,159695.6183,,0,0,100
Kayin,MMR003,Myawaddy,Myawaddy,MMR003005,210540,218454.5912,120962.4596,97492.13163,0.166313027,0.488899972,0.412288294,0.517271522,0.070440184,218354.5912,100,0,,131869.9485,,0,0,100
Magway,MMR009,Gangaw,Gangaw,MMR009023,133295,132523.754,13858.34883,118665.4052,0.170275753,0.524213211,0.318905913,0.58249782,0.098596267,126273.754,6250,0,,78489.99095,,0,0,100
Magway,MMR009,Gangaw,Tilin,MMR009024,48866,48583.26092,4495.835671,44087.42525,0.170275753,0.532210535,0.318905913,0.58249782,0.098596267,48583.26092,0,0,,29117.22584,,0,0,100
Magway,MMR009,Gangaw,Saw,MMR009025,68697,68299.51859,9418.189144,58881.32945,0.170275753,0.526238409,0.318905913,0.58249782,0.098596267,63395.51859,4904,0,,37994.60137,,0,0,100
Magway,MMR009,Magway,Magway,MMR009001,289247,287573.4145,93493.89536,194079.5191,0.170275753,0.532914775,0.318905913,0.58249782,0.098596267,287573.4145,0,0,,172350.3095,,0,0,100
Magway,MMR009,Magway,Yenangyaung,MMR009002,134227,133450.3615,44858.93531,88591.42616,0.170275753,0.551297429,0.318905913,0.58249782,0.098596267,133450.3615,0,0,,77009.75255,,0,0,100
Magway,MMR009,Magway,Chauk,MMR009003,185189,184117.4949,44815.18989,139302.305,0.170275753,0.555130164,0.318905913,0.58249782,0.098596267,184117.4949,0,0,,106248.0653,,0,0,100
Magway,MMR009,Magway,Taungdwingyi,MMR009004,259860,258356.4479,45756.71054,212599.7374,0.170275753,0.527799584,0.318905913,0.58249782,0.098596267,258356.4479,0,0,,160590.7373,,0,0,100
Magway,MMR009,Magway,Myothit,MMR009005,159511,158588.068,8033.249053,150554.819,0.170275753,0.535837654,0.318905913,0.58249782,0.098596267,158588.068,0,0,,91515.88457,,0,0,100
Magway,MMR009,Magway,Natmauk,MMR009006,206996,205798.3194,14651.7316,191146.5878,0.170275753,0.551807764,0.318905913,0.58249782,0.098596267,205798.3194,0,0,,118759.346,,0,0,100
Magway,MMR009,Minbu,Minbu,MMR009007,188182,187093.1774,39330.1113,147763.0661,0.170275753,0.530975332,0.318905913,0.58249782,0.098596267,187093.1774,0,0,,107965.2324,,0,0,100
Magway,MMR009,Minbu,Pwintbyu,MMR009008,163692,162744.8767,6313.258848,156431.6179,0.170275753,0.531192728,0.318905913,0.58249782,0.098596267,162744.8767,0,0,,97537.28426,,0,0,100
Magway,MMR009,Minbu,Ngape,MMR009009,52142,51840.30596,4041.479876,47798.82608,0.170275753,0.519101684,0.318905913,0.58249782,0.098596267,51840.30596,0,0,,29915.3115,,0,0,100
Magway,MMR009,Minbu,Salin,MMR009010,236033,234667.3111,12087.65371,222579.6574,0.170275753,0.539365258,0.318905913,0.58249782,0.098596267,234667.3111,0,0,,135418.6782,,0,0,100
Magway,MMR009,Minbu,Sidoktaya,MMR009011,47526,47251.01417,6476.309942,40774.70423,0.170275753,0.508942474,0.318905913,0.58249782,0.098596267,47251.01417,0,0,,27266.98428,,0,0,100
Magway,MMR009,Pakokku,Pakokku,MMR009018,290139,288460.2534,90316.38744,198143.8659,0.170275753,0.54938495,0.318905913,0.58249782,0.098596267,288460.2534,0,0,,166460.791,,0,0,100
Magway,MMR009,Pakokku,Yesagyo,MMR009019,215352,214105.9716,23194.01821,190911.9533,0.170275753,0.561866154,0.318905913,0.58249782,0.098596267,214105.9716,0,0,,133085.263,,0,0,100
Magway,MMR009,Pakokku,Myaing,MMR009020,225771,224464.6871,7661.41302,216803.2741,0.170275753,0.553290724,0.318905913,0.58249782,0.098596267,224464.6871,0,0,,134527.5896,,0,0,100
Magway,MMR009,Pakokku,Pauk,MMR009021,171514,170521.6186,7243.843144,163277.7754,0.170275753,0.539221288,0.318905913,0.58249782,0.098596267,170521.6186,0,0,,105993.8417,,0,0,100
Magway,MMR009,Pakokku,Seikphyu,MMR009022,102769,102174.3777,9028.457259,93145.92046,0.170275753,0.543549125,0.318905913,0.58249782,0.098596267,102174.3777,0,0,,58961.42549,,0,0,100
Magway,MMR009,Thayet,Thayet,MMR009012,104347,103743.2474,20133.82755,83609.41985,0.170275753,0.526723337,0.318905913,0.58249782,0.098596267,103743.2474,0,0,,59866.76786,,0,0,100
Magway,MMR009,Thayet,Minhla,MMR009013,146082,145236.7683,12437.61704,132799.1513,0.170275753,0.499370217,0.318905913,0.58249782,0.098596267,145236.7683,0,0,,83811.29483,,0,0,100
Magway,MMR009,Thayet,Mindon,MMR009014,59357,59013.55991,4567.419078,54446.14083,0.170275753,0.528935088,0.318905913,0.58249782,0.098596267,59013.55991,0,0,,34054.75711,,0,0,100
Magway,MMR009,Thayet,Kamma,MMR009015,75195,74759.92111,5171.901185,69588.01992,0.170275753,0.523186382,0.318905913,0.58249782,0.098596267,74759.92111,0,0,,43141.45696,,0,0,100
Magway,MMR009,Thayet,Aunglan,MMR009016,235222,233861.0036,52183.30979,181677.6938,0.170275753,0.524853117,0.318905913,0.58249782,0.098596267,233861.0036,0,0,,134953.385,,0,0,100
Magway,MMR009,Thayet,Sinbaungwe,MMR009017,117844,117162.1536,5059.555004,112102.5986,0.170275753,0.526585995,0.318905913,0.58249782,0.098596267,117162.1536,0,0,,67610.37108,,0,0,100
Mandalay,MMR010,Kyaukse,Kyaukse,MMR010013,257907,274709.3467,44184.50495,230524.8417,0.10165983,0.517116635,0.313893115,0.601184322,0.084922563,274709.3467,0,0,,139773.2529,,0,0,100
Mandalay,MMR010,Kyaukse,Sintgaing,MMR010014,148918,158619.8377,8830.084038,149789.7537,0.10165983,0.522146416,0.313893115,0.601184322,0.084922563,158619.8377,0,0,,80706.43015,,0,0,100
Mandalay,MMR010,Kyaukse,Myittha,MMR010015,195629,208374.0061,20602.10922,187771.8968,0.10165983,0.526287002,0.313893115,0.601184322,0.084922563,208374.0061,0,0,,106021.557,,0,0,100
Mandalay,MMR010,Kyaukse,Tada-U,MMR010016,138617,147647.7393,13196.12921,134451.6101,0.10165983,0.53285672,0.313893115,0.601184322,0.084922563,147647.7393,0,0,,75123.78106,,0,0,100
Mandalay,MMR010,Mandalay,Aungmyaythazan,MMR010001,265779,283094.1985,283094.1985,0,0.10165983,0.511026078,0.313893115,0.601184322,0.084922563,283094.1985,0,0,,151358.1686,,0,0,100
Mandalay,MMR010,Mandalay,Chanayethazan,MMR010002,197175,210020.7262,210020.7262,0,0.10165983,0.52709522,0.313893115,0.601184322,0.084922563,210020.7262,0,0,,112288.9577,,0,0,100
Mandalay,MMR010,Mandalay,Mahaaungmyay,MMR010003,241113,256821.2368,256821.2368,0,0.10165983,0.515152646,0.313893115,0.601184322,0.084922563,256821.2368,0,0,,143950.6062,,0,0,100
Mandalay,MMR010,Mandalay,Chanmyathazi,MMR010004,283781,302269.0083,302269.0083,0,0.10165983,0.51537277,0.313893115,0.601184322,0.084922563,302269.0083,0,0,,169424.4897,,0,0,100
Mandalay,MMR010,Mandalay,Pyigyitagon,MMR010005,237698,253183.7534,253183.7534,0,0.10165983,0.491817348,0.313893115,0.601184322,0.084922563,253183.7534,0,0,,135366.3531,,0,0,100
Mandalay,MMR010,Mandalay,Amarapura,MMR010006,237618,253098.5415,86089.59135,167008.9501,0.10165983,0.518214108,0.313893115,0.601184322,0.084922563,253098.5415,0,0,,135320.794,,0,0,100
Mandalay,MMR010,Mandalay,Patheingyi,MMR010007,263725,280906.3827,13934.27737,266972.1054,0.10165983,0.510838942,0.313893115,0.601184322,0.084922563,280906.3827,0,0,,142926.3305,,0,0,100
Mandalay,MMR010,Meiktila,Meiktila,MMR010028,309663,329837.191,118787.531,211049.66,0.10165983,0.538895509,0.313893115,0.601184322,0.084922563,329837.191,0,0,,176349.6159,,0,0,100
Mandalay,MMR010,Meiktila,Mahlaing,MMR010029,139427,148510.5099,14752.31169,133758.1982,0.10165983,0.54398359,0.313893115,0.601184322,0.084922563,148510.5099,0,0,,75562.7623,,0,0,100
Mandalay,MMR010,Meiktila,Thazi,MMR010030,202680,215884.3707,21900.52568,193983.845,0.10165983,0.528996448,0.313893115,0.601184322,0.084922563,215884.3707,0,0,,109842.8616,,0,0,100
Mandalay,MMR010,Meiktila,Wundwin,MMR010031,229760,244728.6018,34679.11654,210049.4852,0.10165983,0.537717618,0.313893115,0.601184322,0.084922563,244728.6018,0,0,,124518.9258,,0,0,100
Mandalay,MMR010,Myingyan,Myingyan,MMR010017,276096,294083.3393,93422.07609,200661.2632,0.10165983,0.55051866,0.313893115,0.601184322,0.084922563,294083.3393,0,0,,187644.6413,,0,0,100
Mandalay,MMR010,Myingyan,Taungtha,MMR010018,216642,230755.979,18669.92919,212086.0498,0.10165983,0.551513557,0.313893115,0.601184322,0.084922563,230755.979,0,0,,123375.1965,,0,0,100
Mandalay,MMR010,Myingyan,Natogyi,MMR010019,177078,188614.4296,13653.07807,174961.3515,0.10165983,0.543432838,0.313893115,0.601184322,0.084922563,188614.4296,0,0,,95967.80267,,0,0,100
Mandalay,MMR010,Myingyan,Ngazun,MMR010021,124233,132326.6382,7541.253919,124785.3842,0.10165983,0.543849058,0.313893115,0.601184322,0.084922563,132326.6382,0,0,,67328.34135,,0,0,100
Mandalay,MMR010,Nyaung-U,Kyaukpadaung,MMR010020,261908,278971.0073,45606.47868,233364.5286,0.10165983,0.554710051,0.313893115,0.601184322,0.084922563,278971.0073,0,0,,149153.6774,,0,0,100
Mandalay,MMR010,Nyaung-U,Nyaung-U,MMR010022,239947,255579.2732,57883.38443,197695.8888,0.10165983,0.543749245,0.313893115,0.601184322,0.084922563,255579.2732,0,0,,130039.7923,,0,0,100
Mandalay,MMR010,Pyinoolwin,Pyinoolwin,MMR010008,255508,272154.0546,169127.5312,103026.5234,0.10165983,0.49893154,0.313893115,0.601184322,0.084922563,272154.0546,0,0,,138473.1097,,0,0,100
Mandalay,MMR010,Pyinoolwin,Madaya,MMR010009,258001,274809.4707,25812.81744,248996.6532,0.10165983,0.523726652,0.313893115,0.601184322,0.084922563,274809.4707,0,0,,146928.6846,,0,0,100
Mandalay,MMR010,Pyinoolwin,Singu,MMR010010,157585,167851.4829,7874.645512,159976.8374,0.10165983,0.51280896,0.313893115,0.601184322,0.084922563,167851.4829,0,0,,85403.52942,,0,0,100
Mandalay,MMR010,Pyinoolwin,Mogoke,MMR010011,167149,178038.5666,82665.13777,95373.4288,0.10165983,0.492117811,0.313893115,0.601184322,0.084922563,178038.5666,0,0,,99792.21313,,0,0,100
Mandalay,MMR010,Pyinoolwin,Thabeikkyin,MMR010012,163702,174366.9985,14661.77404,159705.2244,0.10165983,0.491588374,0.313893115,0.601184322,0.084922563,174366.9985,0,0,,88718.65072,,0,0,100
Mandalay,MMR010,Yamethin,Yamethin,MMR010023,258091,274905.3341,29502.49309,245402.841,0.10165983,0.51424885,0.313893115,0.601184322,0.084922563,274905.3341,0,0,,139872.9721,,0,0,100
Mandalay,MMR010,Yamethin,Pyawbwe,MMR010024,260293,277250.7919,34312.70533,242938.0865,0.10165983,0.541920067,0.313893115,0.601184322,0.084922563,277250.7919,0,0,,141066.3508,,0,0,100
Mon,MMR011,Mawlamyine,Mawlamyine,MMR011001,289388,278680.7196,244345.9083,34334.81132,0.152277078,0.519586161,0.36703104,0.544125199,0.088843761,278680.7196,0,0,,167382.9125,,0,0,100
Mon,MMR011,Mawlamyine,Kyaikmaraw,MMR011002,195810,188565.0812,10613.22588,177951.8553,0.152277078,0.526346969,0.36703104,0.544125199,0.088843761,188565.0812,0,0,,109073.3321,,0,0,100
Mon,MMR011,Mawlamyine,Chaungzon,MMR011003,122126,117607.3699,7441.10302,110166.2669,0.152277078,0.544765242,0.36703104,0.544125199,0.088843761,117607.3699,0,0,,68028.64901,,0,0,100
Mon,MMR011,Mawlamyine,Thanbyuzayat,MMR011004,170536,164226.2126,55091.31895,109134.8936,0.152277078,0.522394099,0.36703104,0.544125199,0.088843761,164226.2126,0,0,,94994.7897,,0,0,100
Mon,MMR011,Mawlamyine,Mudon,MMR011005,190737,183679.7809,50570.99573,133108.7851,0.152277078,0.528271914,0.36703104,0.544125199,0.088843761,183679.7809,0,0,,106247.4856,,0,0,100
Mon,MMR011,Mawlamyine,Ye,MMR011006,263624,253869.9809,49968.15756,203901.8233,0.152277078,0.511110521,0.36703104,0.544125199,0.088843761,253869.9809,0,0,,158113.6601,,0,0,100
Mon,MMR011,Thaton,Thaton,MMR011007,238106,229296.1402,53010.27539,176285.8648,0.152277078,0.511167295,0.36703104,0.544125199,0.088843761,229296.1402,0,0,,137721.2454,,0,0,100
Mon,MMR011,Thaton,Paung,MMR011008,218459,210376.0741,28344.94969,182031.1244,0.152277078,0.517662353,0.36703104,0.544125199,0.088843761,210376.0741,0,0,,121689.6536,,0,0,100
Mon,MMR011,Thaton,Kyaikto,MMR011009,184532,177704.3642,33920.72121,143783.643,0.152277078,0.51211172,0.36703104,0.544125199,0.088843761,177704.3642,0,0,,110676.6832,,0,0,100
Mon,MMR011,Thaton,Bilin,MMR011010,181075,174375.2723,17711.50081,156663.7715,0.152277078,0.514455336,0.36703104,0.544125199,0.088843761,173280.2723,1095,0,,104076.6534,,0,0,100
Nay Pyi Taw,MMR018,Det Khi Na,Za Bu Thi Ri,MMR018002,110459,123719.9083,117153.039,6566.869358,0.10766915,0.536054102,0.36703104,0.544125199,0.088843761,123719.9083,0,0,,60607.99929,,0,0,100
Nay Pyi Taw,MMR018,Det Khi Na,Det Khi Na Thi Ri,MMR018004,51328,57490.0683,25978.50382,31511.56448,0.10766915,0.472997195,0.36703104,0.544125199,0.088843761,57490.0683,0,0,,28163.27676,,0,0,100
Nay Pyi Taw,MMR018,Det Khi Na,Pyinmana,MMR018006,187565,210082.6968,80654.99957,129427.6972,0.10766915,0.516269027,0.36703104,0.544125199,0.088843761,210082.6968,0,0,,102915.4654,,0,0,100
Nay Pyi Taw,MMR018,Det Khi Na,Lewe,MMR018007,284393,318535.1659,33834.55391,284700.612,0.10766915,0.514281294,0.36703104,0.544125199,0.088843761,318535.1659,0,0,,156044.2403,,0,0,100
Nay Pyi Taw,MMR018,Oke Ta Ra,Zay Yar Thi Ri,MMR018001,111293,124654.0323,39320.57235,85333.45997,0.10766915,0.500040434,0.36703104,0.544125199,0.088843761,124654.0323,0,0,,61065.60865,,0,0,100
Nay Pyi Taw,MMR018,Oke Ta Ra,Tatkon,MMR018003,217093,243155.6148,46687.15938,196468.4554,0.10766915,0.522255439,0.36703104,0.544125199,0.088843761,243155.6148,0,0,,119117.2507,,0,0,100
Nay Pyi Taw,MMR018,Oke Ta Ra,Poke Ba Thi Ri,MMR018005,116491,130476.0666,49771.7847,80704.2819,0.10766915,0.507893314,0.36703104,0.544125199,0.088843761,130476.0666,0,0,,63917.71106,,0,0,100
Nay Pyi Taw,MMR018,Oke Ta Ra,Oke Ta Ra Thi Ri,MMR018008,81620,91418.70664,26830.86397,64587.84267,0.10766915,0.493886302,0.36703104,0.544125199,0.088843761,91418.70664,0,0,,44784.26296,,0,0,100
Rakhine,MMR012,Kyaukpyu,Kyaukpyu,MMR012011,165352,171175.7376,21600.90558,149574.832,0.173457788,0.523670715,0.367072818,0.544967689,0.087959493,170174.7376,1001,0,,94951.02212,,0,0,100
Rakhine,MMR012,Kyaukpyu,Munaung,MMR012012,56966,58972.35634,5430.765393,53541.59095,0.173457788,0.56189657,0.367072818,0.544967689,0.087959493,58972.35634,0,0,,32904.32876,,0,0,100
Rakhine,MMR012,Kyaukpyu,Ramree,MMR012013,97891,101338.7448,10221.76468,91116.9801,0.173457788,0.542695447,0.367072818,0.544967689,0.087959493,101338.7448,0,0,,56543.1599,,0,0,100
Rakhine,MMR012,Kyaukpyu,Ann,MMR012014,119714,123930.3561,8813.865146,115116.491,0.173457788,0.508637252,0.367072818,0.544967689,0.087959493,119946.3561,3984,0,,66925.49833,,0,0,100
Rakhine,MMR012,Maungdaw,Maungdaw,MMR012009,40785,42221.4576,12908.16121,29313.29639,0.173457788,0.482701974,0.367072818,0.544967689,0.087959493,42221.4576,0,0,76000,24540.25432,,0,75.59161304,24.40838696
Rakhine,MMR012,Maungdaw,Buthidaung,MMR012010,55545,57501.30838,10054.059,47447.24938,0.173457788,0.500981186,0.367072818,0.544967689,0.087959493,50471.30838,7030,1000,154000,28161.06778,,0.545967553,84.07900318,15.37502927
Rakhine,MMR012,Mrauk-U,Mrauk-U,MMR012003,189630,196308.8146,37411.82435,158896.9903,0.173457788,0.537657544,0.367072818,0.544967689,0.087959493,173565.8146,22743,0,27000,96843.11396,,0,21.80177737,78.19822263
Rakhine,MMR012,Mrauk-U,Kyauktaw,MMR012004,173100,179196.624,20178.51297,159018.111,0.173457788,0.549156557,0.367072818,0.544967689,0.087959493,164101.624,15095,0,63000,91562.45606,,0,40.76022186,59.23977814
Rakhine,MMR012,Mrauk-U,Minbya,MMR012005,169208,175167.5468,23752.09325,151415.4536,0.173457788,0.533857737,0.367072818,0.544967689,0.087959493,172245.5468,2922,0,32000,96106.45482,,0,24.97922532,75.02077468
Rakhine,MMR012,Mrauk-U,Myebon,MMR012006,137193,142024.9708,11973.35733,130051.6134,0.173457788,0.523598143,0.367072818,0.544967689,0.087959493,135445.9708,6579,0,,75573.69295,,0,0,100
Rakhine,MMR012,Sittwe,Sittwe,MMR012001,147899,153108.0387,104296.369,48811.66966,0.173457788,0.52352619,0.367072818,0.544967689,0.087959493,40652.03867,112456,0,90000,22682.28927,,0,79.87058178,20.12941822
Rakhine,MMR012,Sittwe,Ponnagyun,MMR012002,129753,134322.9321,13137.9801,121184.952,0.173457788,0.537744792,0.367072818,0.544967689,0.087959493,131433.9321,2889,0,2000,73335.12822,,0,2.654804004,97.345196
Rakhine,MMR012,Sittwe,Pauktaw,MMR012007,145957,151097.641,13161.79017,137935.8508,0.173457788,0.532773351,0.367072818,0.544967689,0.087959493,126668.641,24429,0,16000,70676.27723,,0,18.45949147,81.54050853
Rakhine,MMR012,Sittwe,Rathedaung,MMR012008,111974,115917.7515,7775.539243,108142.2122,0.173457788,0.553235573,0.367072818,0.544967689,0.087959493,96364.75145,19553,1500,10000,53767.86107,,2.298221476,15.32147651,82.38030202
Rakhine,MMR012,Thandwe,Thandwe,MMR012015,133484,138185.3389,14831.60042,123353.7385,0.173457788,0.512136286,0.367072818,0.544967689,0.087959493,138185.3389,0,0,,77102.15603,,0,0,100
Rakhine,MMR012,Thandwe,Toungup,MMR012016,158341,163917.8084,35287.55241,128630.256,0.173457788,0.512084678,0.367072818,0.544967689,0.087959493,163917.8084,0,0,,91459.89398,,0,0,100
Rakhine,MMR012,Thandwe,Gwa,MMR012017,66015,68340.06432,15929.96909,52410.09523,0.173457788,0.506475801,0.367072818,0.544967689,0.087959493,68340.06432,0,0,,38131.15302,,0,0,100
Sagaing,MMR005,Hkamti,Hkamti,MMR005033,47658,50052.78736,12131.43117,37921.35619,0.096137431,0.435225985,0.341582624,0.574286708,0.084130668,50052.78736,0,0,,24910.51258,,0,0,100
Sagaing,MMR005,Hkamti,Homalin,MMR005034,258206,271180.7045,22286.29292,248894.4116,0.096137431,0.482002742,0.341582624,0.574286708,0.084130668,271180.7045,0,0,,142131.8988,,0,0,100
Sagaing,MMR005,Kale,Kale,MMR005027,348573,366088.5948,137063.8522,229024.7426,0.096137431,0.519302987,0.341582624,0.574286708,0.084130668,365988.5948,100,0,,230526.344,,0,0,100
Sagaing,MMR005,Kale,Kalewa,MMR005028,56432,59267.67587,9262.149729,50005.52614,0.096137431,0.508877942,0.341582624,0.574286708,0.084130668,59267.67587,0,0,,29496.62273,,0,0,100
Sagaing,MMR005,Kale,Mingin,MMR005029,104363,109607.1813,3641.214776,105965.9666,0.096137431,0.51926449,0.341582624,0.574286708,0.084130668,109607.1813,0,0,,60345.34117,,0,0,100
Sagaing,MMR005,Kanbalu,Kanbalu,MMR005007,295561,310412.772,26279.34125,284133.4307,0.096137431,0.526513985,0.341582624,0.574286708,0.084130668,310412.772,0,0,,162694.3067,,0,0,100
Sagaing,MMR005,Kanbalu,Kyunhla,MMR005008,104087,109317.3125,12758.43008,96558.8824,0.096137431,0.508824349,0.341582624,0.574286708,0.084130668,109317.3125,0,0,,54405.56724,,0,0,100
Sagaing,MMR005,Katha,Katha,MMR005020,167734,176162.538,28075.26778,148087.2702,0.096137431,0.509193127,0.341582624,0.574286708,0.084130668,176162.538,0,0,,96988.06527,,0,0,100
Sagaing,MMR005,Katha,Indaw,MMR005021,120266,126309.298,8957.577394,117351.7206,0.096137431,0.52759716,0.341582624,0.574286708,0.084130668,126309.298,0,0,,62862.22054,,0,0,100
Sagaing,MMR005,Katha,Tigyaing,MMR005022,129955,136485.1648,14215.12604,122270.0387,0.096137431,0.509553307,0.341582624,0.574286708,0.084130668,136485.1648,0,0,,67926.59497,,0,0,100
Sagaing,MMR005,Katha,Banmauk,MMR005023,112668,118329.5028,6474.78774,111854.7151,0.096137431,0.492358079,0.341582624,0.574286708,0.084130668,118329.5028,0,0,,58890.7976,,0,0,100
Sagaing,MMR005,Kawlin,Kawlin,MMR005024,145297,152598.0915,22507.89555,130090.196,0.096137431,0.519728556,0.341582624,0.574286708,0.084130668,152598.0915,0,0,,79980.08761,,0,0,100
Sagaing,MMR005,Kawlin,Wuntho,MMR005025,73395,77083.05696,12573.58618,64509.47078,0.096137431,0.516792697,0.341582624,0.574286708,0.084130668,77083.05696,0,0,,38363.06751,,0,0,100
Sagaing,MMR005,Kawlin,Pinlebu,MMR005026,111968,117594.3282,7312.886785,110281.4415,0.096137431,0.532071663,0.341582624,0.574286708,0.084130668,117594.3282,0,0,,58524.91236,,0,0,100
Sagaing,MMR005,Mawlaik,Mawlaik,MMR005031,51314,53892.49928,8985.934128,44906.56515,0.096137431,0.511731691,0.341582624,0.574286708,0.084130668,53892.49928,0,0,,26821.47893,,0,0,100
Sagaing,MMR005,Mawlaik,Paungbyin,MMR005032,112694,118356.8093,10553.95653,107802.8528,0.096137431,0.521988748,0.341582624,0.574286708,0.084130668,118356.8093,0,0,,58904.38762,,0,0,100
Sagaing,MMR005,Monywa,Monywa,MMR005012,372095,390792.5619,217915.2041,172877.3578,0.096137431,0.537884142,0.341582624,0.574286708,0.084130668,390792.5619,0,0,,215154.7936,,0,0,100
Sagaing,MMR005,Monywa,Budalin,MMR005013,123539,129746.7644,5471.799534,124274.9649,0.096137431,0.553938432,0.341582624,0.574286708,0.084130668,129746.7644,0,0,,64572.99539,,0,0,100
Sagaing,MMR005,Monywa,Ayadaw,MMR005014,155769,163596.3036,9994.173582,153602.13,0.096137431,0.545904512,0.341582624,0.574286708,0.084130668,163596.3036,0,0,,81419.39726,,0,0,100
Sagaing,MMR005,Monywa,Chaung-U,MMR005015,105955,111279.1784,23030.91976,88248.25866,0.096137431,0.542673777,0.341582624,0.574286708,0.084130668,111279.1784,0,0,,55381.95814,,0,0,100
Sagaing,MMR005,Naga Self-Administered Zone,Lay Shi,MMR005035,10491,11018.16678,2827.271467,8190.895309,0.096137431,0.503955772,0.341582624,0.574286708,0.084130668,11018.16678,0,0,,5483.574374,,0,0,100
Sagaing,MMR005,Naga Self-Administered Zone,Lahe,MMR005036,54357,57088.4083,5895.050054,51193.35825,0.096137431,0.502823923,0.341582624,0.574286708,0.084130668,57088.4083,0,0,,28412.03434,,0,0,100
Sagaing,MMR005,Naga Self-Administered Zone,Nanyun,MMR005037,51980,54591.9654,6451.682252,48140.28315,0.096137431,0.486667949,0.341582624,0.574286708,0.084130668,54591.9654,0,0,,27169.5926,,0,0,100
Sagaing,MMR005,Sagaing,Sagaing,MMR005001,307194,322630.3236,85523.91163,237106.412,0.096137431,0.533128902,0.341582624,0.574286708,0.084130668,322630.3236,0,0,,169097.7999,,0,0,100
Sagaing,MMR005,Sagaing,Myinmu,MMR005002,106986,112361.9856,17390.03007,94971.95551,0.096137431,0.542472847,0.341582624,0.574286708,0.084130668,112361.9856,0,0,,55920.85483,,0,0,100
Sagaing,MMR005,Sagaing,Myaung,MMR005003,106411,111758.0922,8186.694312,103571.3979,0.096137431,0.551954215,0.341582624,0.574286708,0.084130668,96758.09216,15000,0,,53271.1453,,0,0,100
Sagaing,MMR005,Shwebo,Shwebo,MMR005004,266807,280213.8998,83745.83935,196468.0605,0.096137431,0.53660886,0.341582624,0.574286708,0.084130668,280213.8998,0,0,,154274.5939,,0,0,100
Sagaing,MMR005,Shwebo,Khin-U,MMR005005,146457,153816.3809,11903.52705,141912.8538,0.096137431,0.536184682,0.341582624,0.574286708,0.084130668,153816.3809,0,0,,84685.16267,,0,0,100
Sagaing,MMR005,Shwebo,Wetlet,MMR005006,196216,206075.7423,11357.39734,194718.3449,0.096137431,0.540868227,0.341582624,0.574286708,0.084130668,206075.7423,0,0,,102560.7692,,0,0,100
Sagaing,MMR005,Shwebo,Ye-U,MMR005009,118290,124234.0051,21486.00285,102748.0023,0.096137431,0.565288697,0.341582624,0.574286708,0.084130668,124234.0051,0,0,,61829.37878,,0,0,100
Sagaing,MMR005,Shwebo,Tabayin,MMR005010,140815,147890.8736,4524.474547,143366.399,0.096137431,0.542690764,0.341582624,0.574286708,0.084130668,147890.8736,0,0,,81422.81476,,0,0,100
Sagaing,MMR005,Shwebo,Taze,MMR005011,165110,173406.6835,15082.63207,158324.0514,0.096137431,0.561050209,0.341582624,0.574286708,0.084130668,173406.6835,0,0,,95470.80172,,0,0,100
Sagaing,MMR005,Tamu,Tamu,MMR005030,114869,120641.1018,62949.85037,57691.25147,0.096137431,0.503721631,0.341582624,0.574286708,0.084130668,120641.1018,0,0,,63230.71147,,0,0,100
Sagaing,MMR005,Yinmarbin,Yinmarbin,MMR005016,141480,148589.2894,5047.498764,143541.7907,0.096137431,0.53368674,0.341582624,0.574286708,0.084130668,148589.2894,0,0,,81807.33467,,0,0,100
Sagaing,MMR005,Yinmarbin,Kani,MMR005017,134541,141301.6086,5132.568967,136169.0397,0.096137431,0.535717737,0.341582624,0.574286708,0.084130668,137801.6086,3500,0,,86797.51636,,0,0,100
Sagaing,MMR005,Yinmarbin,Salingyi,MMR005018,121808,127928.7826,5832.035088,122096.7476,0.096137431,0.542484894,0.341582624,0.574286708,0.084130668,127928.7826,0,0,,63668.21346,,0,0,100
Sagaing,MMR005,Yinmarbin,Pale,MMR005019,144006,151242.2195,4300.771418,146941.4481,0.096137431,0.536067942,0.341582624,0.574286708,0.084130668,151242.2195,0,0,,83267.93212,,0,0,100
Shan (East),MMR222,Kengtung,Kengtung,MMR016001,171620,190678.0711,49207.20831,141470.8628,0.086218051,0.488526978,0.379966493,0.562022529,0.058010979,190678.0711,0,0,,92301.49962,,0,0,100
Shan (East),MMR222,Kengtung,Mongkhet,MMR016002,44528,49472.7488,3140.932915,46331.81588,0.086218051,0.486323212,0.379966493,0.562022529,0.058010979,49472.7488,0,0,,23948.26463,,0,0,100
Shan (East),MMR222,Kengtung,Mongyang,MMR016003,107645,119598.7703,5517.464753,114081.3056,0.086218051,0.488364532,0.379966493,0.562022529,0.058010979,119598.7703,0,0,,57894.15526,,0,0,100
Shan (East),MMR222,Kengtung,Mongla,MMR016005,43068,47850.6186,22724.26633,25126.35227,0.086218051,0.483003622,0.379966493,0.562022529,0.058010979,47850.6186,0,0,,23163.04035,,0,0,100
Shan (East),MMR222,Kengtung,Mongping,MMR016007,68833,76476.77232,9894.994179,66581.77814,0.086218051,0.491639185,0.379966493,0.562022529,0.058010979,76476.77232,0,0,,37020.09744,,0,0,100
Shan (East),MMR222,Monghsat,Monghsat,MMR016006,104649,116270.0703,10493.84909,105776.2212,0.086218051,0.471815306,0.379966493,0.562022529,0.058010979,116270.0703,0,0,,56282.83203,,0,0,100
Shan (East),MMR222,Monghsat,Mongton,MMR016008,70089,77872.24871,10470.51708,67401.73162,0.086218051,0.453209491,0.379966493,0.562022529,0.058010979,77872.24871,0,0,,37695.60545,,0,0,100
Shan (East),MMR222,Tachileik,Tachileik,MMR016009,177313,197003.2678,65292.96237,131710.3054,0.086218051,0.491723675,0.379966493,0.562022529,0.058010979,197003.2678,0,0,,95363.33645,,0,0,100
Shan (East),MMR222,Tachileik,Monghpyak,MMR016010,30556,33949.18506,6748.506023,27200.67903,0.086218051,0.469531352,0.379966493,0.562022529,0.058010979,33949.18506,0,0,,16433.77591,,0,0,100
Shan (East),MMR222,Tachileik,Mongyawng,MMR016011,79890,88761.63091,6501.85335,82259.77756,0.086218051,0.4758543,0.379966493,0.562022529,0.058010979,88761.63091,0,0,,42966.82674,,0,0,100
Shan (North),MMR222,Hopang,Pangwaun,MMR015007,97097,107879.4352,3817.561194,104061.874,0.086218051,0.497502498,0.379966493,0.562022529,0.058010979,107879.4352,0,0,,52221.17882,,0,0,100
Shan (North),MMR222,Hopang,Mongmao,MMR015008,70683,78532.21126,6282.976878,72249.23439,0.086218051,0.486255535,0.379966493,0.562022529,0.058010979,78532.21126,0,0,,38015.0734,,0,0,100
Shan (North),MMR222,Hopang,Hopang,MMR015021,61100,67885.03754,22734.26576,45150.77177,0.086218051,0.484959083,0.379966493,0.562022529,0.058010979,67885.03754,0,0,,32861.09793,,0,0,100
Shan (North),MMR222,Kokang Self-Administered Zone,Laukkaing,MMR015022,94850,105382.9102,29523.88056,75859.02959,0.086218051,0.472503954,0.379966493,0.562022529,0.058010979,104382.9102,1000,0,,50528.61657,,0,0,100
Shan (North),MMR222,Kokang Self-Administered Zone,Konkyan,MMR015023,60062,66731.76963,1788.787405,64942.98223,0.086218051,0.482684559,0.379966493,0.562022529,0.058010979,66731.76963,0,0,,32302.83574,,0,0,100
Shan (North),MMR222,Kyaukme,Kyaukme,MMR015012,172109,191221.3736,49676.07059,141545.303,0.086218051,0.519205852,0.379966493,0.562022529,0.058010979,185969.3736,5252,0,,115271.4277,,0,0,100
Shan (North),MMR222,Kyaukme,Nawnghkio,MMR015013,149842,166481.666,20912.14692,145569.5191,0.086218051,0.494394095,0.379966493,0.562022529,0.058010979,166481.666,0,0,,80588.75018,,0,0,100
Shan (North),MMR222,Kyaukme,Hsipaw,MMR015014,176158,195720.0072,23217.57168,172502.4356,0.086218051,0.512732888,0.379966493,0.562022529,0.058010979,195410.0072,310,0,,105204.4998,,0,0,100
Shan (North),MMR222,Kyaukme,Namtu,MMR015015,50423,56022.37721,14774.71734,41247.65988,0.086218051,0.5151419,0.379966493,0.562022529,0.058010979,55391.37721,631,65,,29821.5133,,0.217489405,0,99.78251059
Shan (North),MMR222,Lashio,Lashio,MMR015001,323405,359318.5035,193694.5666,165623.9369,0.086218051,0.509865339,0.379966493,0.562022529,0.058010979,359318.5035,0,5,,193449.2708,,0.00258459,0,99.99741541
Shan (North),MMR222,Lashio,Hseni,MMR015002,56662,62954.20617,10168.31201,52785.89416,0.086218051,0.495181956,0.379966493,0.562022529,0.058010979,62687.20617,267,132,,32047.20682,,0.410202777,0,99.58979722
Shan (North),MMR222,Lashio,Mongyai,MMR015003,59376,65969.59065,7828.444754,58141.1459,0.086218051,0.521843843,0.379966493,0.562022529,0.058010979,65969.59065,0,0,,31933.8879,,0,0,100
Shan (North),MMR222,Lashio,Tangyan,MMR015004,172805,191994.663,37334.54855,154660.1145,0.086218051,0.513769856,0.379966493,0.562022529,0.058010979,191994.663,0,0,,92938.82206,,0,0,100
Shan (North),MMR222,Lashio,Kunlong,MMR015020,58774,65300.73971,6165.205782,59135.53393,0.086218051,0.474257325,0.379966493,0.562022529,0.058010979,65300.73971,0,0,,31610.11734,,0,0,100
Shan (North),MMR222,Matman,Pangsang (Panghkam),MMR015005,105972,117739.9869,18171.19131,99568.79556,0.086218051,0.480608085,0.379966493,0.562022529,0.058010979,117739.9869,0,0,,56994.3743,,0,0,100
Shan (North),MMR222,Matman,Narphan,MMR015006,116180,129081.5656,1077.716635,128003.849,0.086218051,0.488991221,0.379966493,0.562022529,0.058010979,129081.5656,0,0,,62484.4903,,0,0,100
Shan (North),MMR222,Matman,Matman,MMR015024,19732,21923.20067,324.4260386,21598.77463,0.086218051,0.489762822,0.379966493,0.562022529,0.058010979,21923.20067,0,0,,10612.35981,,0,0,100
Shan (North),MMR222,Mongmit,Mongmit,MMR015017,63330,70362.67475,11399.35328,58963.32147,0.086218051,0.501894837,0.379966493,0.562022529,0.058010979,70362.67475,0,0,,34060.44733,,0,0,100
Shan (North),MMR222,Mongmit,Mabein,MMR015018,47398,52661.45678,3600.906819,49060.54996,0.086218051,0.48322714,0.379966493,0.562022529,0.058010979,52661.45678,0,0,,25491.82193,,0,0,100
Shan (North),MMR222,Muse,Muse,MMR015009,171809,190888.0592,104580.7334,86307.32571,0.086218051,0.485463509,0.379966493,0.562022529,0.058010979,189175.0592,1713,306,,148079.8498,,0.206219124,0,99.79378088
Shan (North),MMR222,Muse,Namhkan,MMR015010,107034,118919.9199,33630.31426,85289.60567,0.086218051,0.520572902,0.379966493,0.562022529,0.058010979,117625.9199,1294,1609,,60133.19804,,2.605997277,0,97.39400272
Shan (North),MMR222,Muse,Kutkai,MMR015011,174652,194046.7688,44039.7237,150007.0451,0.086218051,0.499335822,0.379966493,0.562022529,0.058010979,189368.7688,4678,1076,,117378.512,,0.908365568,0,99.09163443
Shan (North),MMR222,Pa Laung Self-Administered Zone,Namhsan,MMR015016,72204,80222.11539,4597.516945,75624.59845,0.086218051,0.547005706,0.379966493,0.562022529,0.058010979,80222.11539,0,0,,41011.47396,,0,0,100
Shan (North),MMR222,Pa Laung Self-Administered Zone,Manton,MMR015019,38601,42887.56684,4557.519214,38330.04763,0.086218051,0.519131629,0.379966493,0.562022529,0.058010979,42583.56684,304,284,,21769.74309,,1.287763255,0,98.71223674
Shan (South),MMR222,Danu Self-Administered Zone,Pindaya,MMR014006,79303,88109.44569,11957.09941,76152.34628,0.086218051,0.514923773,0.379966493,0.562022529,0.058010979,88109.44569,0,0,,42651.12355,,0,0,100
Shan (South),MMR222,Danu Self-Administered Zone,Ywangan,MMR014007,82532,91697.01994,5018.604166,86678.41577,0.086218051,0.502629283,0.379966493,0.562022529,0.058010979,91697.01994,0,0,,44387.75997,,0,0,100
Shan (South),MMR222,Langkho,Langkho,MMR014018,40311,44787.45905,11032.70741,33754.75164,0.086218051,0.49874724,0.379966493,0.562022529,0.058010979,44787.45905,0,0,,21680.25726,,0,0,100
Shan (South),MMR222,Langkho,Mongnai,MMR014019,39436,43815.29199,21952.08792,21863.20407,0.086218051,0.493077391,0.379966493,0.562022529,0.058010979,43815.29199,0,0,,21209.66052,,0,0,100
Shan (South),MMR222,Langkho,Mawkmai,MMR014020,33810,37564.5355,5801.893061,31762.64244,0.086218051,0.51061816,0.379966493,0.562022529,0.058010979,37564.5355,0,0,,18183.85795,,0,0,100
Shan (South),MMR222,Langkho,Mongpan,MMR014021,25926,28805.03246,9968.323352,18836.70911,0.086218051,0.466597238,0.379966493,0.562022529,0.058010979,28805.03246,0,0,,13943.64689,,0,0,100
Shan (South),MMR222,Loilen,Loilen,MMR014011,124557,138388.8154,45080.77575,93308.03965,0.086218051,0.513804925,0.379966493,0.562022529,0.058010979,138388.8154,0,0,,66989.84902,,0,0,100
Shan (South),MMR222,Loilen,Laihka,MMR014012,48831,54253.58867,8889.495668,45364.09301,0.086218051,0.515758432,0.379966493,0.562022529,0.058010979,54253.58867,0,0,,26262.52493,,0,0,100
Shan (South),MMR222,Loilen,Nansang,MMR014013,116961,129949.2942,36955.68115,92993.61304,0.086218051,0.49307034,0.379966493,0.562022529,0.058010979,129949.2942,0,0,,62904.53151,,0,0,100
Shan (South),MMR222,Loilen,Kunhing,MMR014014,53403,59333.30048,17065.69847,42267.60201,0.086218051,0.501469955,0.379966493,0.562022529,0.058010979,59333.30048,0,0,,28721.46011,,0,0,100
Shan (South),MMR222,Loilen,Kyethi,MMR014015,74364,82621.97924,9255.030486,73366.94875,0.086218051,0.523640471,0.379966493,0.562022529,0.058010979,81340.97924,1281,0,,41583.46406,,0,0,100
Shan (South),MMR222,Loilen,Mongkaing,MMR014016,74294,82544.20587,11799.33058,70744.87529,0.086218051,0.527256575,0.379966493,0.562022529,0.058010979,79509.20587,3035,0,,38488.00701,,0,0,100
Shan (South),MMR222,Loilen,Monghsu,MMR014017,72752,80830.96974,13648.11458,67182.85515,0.086218051,0.501841874,0.379966493,0.562022529,0.058010979,80830.96974,0,0,,39127.833,,0,0,100
Shan (South),MMR222,Pa-O Self-Administered Zone,Hopong,MMR014003,112348,124824.0294,25376.33809,99447.69132,0.086218051,0.505687685,0.379966493,0.562022529,0.058010979,124824.0294,0,0,,60423.5455,,0,0,100
Shan (South),MMR222,Pa-O Self-Administered Zone,Hsihseng,MMR014004,153032,170025.9094,13413.68344,156612.226,0.086218051,0.511631554,0.379966493,0.562022529,0.058010979,169225.9094,800,0,,81917.15557,,0,0,100
Shan (South),MMR222,Pa-O Self-Administered Zone,Pinlaung,MMR014009,192257,213606.7702,19432.23088,194174.5394,0.086218051,0.504007656,0.379966493,0.562022529,0.058010979,213546.7702,60,0,,103371.5467,,0,0,100
Shan (South),MMR222,Taunggyi,Taunggyi,MMR014001,438056,486701.2767,297727.5533,188973.7233,0.086218051,0.513304235,0.379966493,0.562022529,0.058010979,486665.2767,36,0,,262010.005,,0,0,100
Shan (South),MMR222,Taunggyi,Nyaungshwe,MMR014002,189407,210440.2832,18007.86724,192432.416,0.086218051,0.500879059,0.379966493,0.562022529,0.058010979,210440.2832,0,0,,101867.7901,,0,0,100
Shan (South),MMR222,Taunggyi,Kalaw,MMR014005,186083,206747.1594,64215.24574,142531.9137,0.086218051,0.499728616,0.379966493,0.562022529,0.058010979,206747.1594,0,0,,100080.0603,,0,0,100
Shan (South),MMR222,Taunggyi,Lawksawk,MMR014008,164730,183022.9498,41980.95161,141041.9982,0.086218051,0.488095672,0.379966493,0.562022529,0.058010979,183022.9498,0,0,,88595.88645,,0,0,100
Shan (South),MMR222,Taunggyi,Pekon,MMR014010,103590,115093.4704,18383.40149,96710.06886,0.086218051,0.495192586,0.379966493,0.562022529,0.058010979,105123.4704,9970,0,,56596.19109,,0,0,100
Tanintharyi,MMR006,Dawei,Dawei,MMR006001,146964,156104.6855,88649.87989,67454.80562,0.11591689,0.519249612,0.39528941,0.535046482,0.069664108,156104.6855,0,0,,82797.63858,,0,0,100
Tanintharyi,MMR006,Dawei,Launglon,MMR006002,118317,125675.9348,5665.757549,120010.1772,0.11591689,0.530430961,0.39528941,0.535046482,0.069664108,125675.9348,0,0,,63379.52673,,0,0,100
Tanintharyi,MMR006,Dawei,Thayetchaung,MMR006003,105662,112233.8347,12008.13444,100225.7002,0.11591689,0.522808578,0.39528941,0.535046482,0.069664108,112233.8347,0,0,,56600.55236,,0,0,100
Tanintharyi,MMR006,Dawei,Yebyu,MMR006004,122633,130260.376,8346.742187,121913.6338,0.11591689,0.490830364,0.39528941,0.535046482,0.069664108,130060.376,200,0,,65590.64067,,0,0,100
Tanintharyi,MMR006,Kawthoung,Kawthoung,MMR006009,140020,148728.7912,72979.291,75749.50016,0.11591689,0.484623625,0.39528941,0.535046482,0.069664108,148728.7912,0,0,,75005.29369,,0,0,100
Tanintharyi,MMR006,Kawthoung,Bokpyin,MMR006010,81718,86800.59532,11091.45863,75709.13669,0.11591689,0.465087251,0.39528941,0.535046482,0.069664108,86800.59532,0,0,,43774.33645,,0,0,100
Tanintharyi,MMR006,Myeik,Myeik,MMR006005,284489,302183.2957,122302.3978,179880.8979,0.11591689,0.509323735,0.39528941,0.535046482,0.069664108,302183.2957,0,0,,152393.808,,0,0,100
Tanintharyi,MMR006,Myeik,Kyunsu,MMR006006,171753,182435.4811,5893.067657,176542.4135,0.11591689,0.488934691,0.39528941,0.535046482,0.069664108,182435.4811,0,0,,92003.88664,,0,0,100
Tanintharyi,MMR006,Myeik,Palaw,MMR006007,129992,138077.082,26673.88519,111403.1968,0.11591689,0.511623792,0.39528941,0.535046482,0.069664108,137352.082,725,0,,69267.9149,,0,0,100
Tanintharyi,MMR006,Myeik,Tanintharyi,MMR006008,106853,113498.911,5856.952967,107641.9581,0.11591689,0.486986795,0.39528941,0.535046482,0.069664108,113498.911,0,0,,57238.54197,,0,0,100
Yangon,MMR013,Yangon (East),Thingangyun,MMR013009,209486,243788.811,243788.811,0,0.124295204,0.528856344,0.289734961,0.631275844,0.078989194,243788.811,0,0,,131892.7365,,0,0,100
Yangon,MMR013,Yangon (East),Yankin,MMR013010,70946,82563.23088,82563.23088,0,0.124295204,0.53874778,0.289734961,0.631275844,0.078989194,82563.23088,0,0,,42562.4143,,0,0,100
Yangon,MMR013,Yangon (East),South Okkalapa,MMR013011,161126,187509.9814,187509.9814,0,0.124295204,0.531130916,0.289734961,0.631275844,0.078989194,187509.9814,0,0,,101445.1995,,0,0,100
Yangon,MMR013,Yangon (East),North Okkalapa,MMR013012,333293,387868.899,387868.899,0,0.124295204,0.530923242,0.289734961,0.631275844,0.078989194,387868.899,0,0,,209841.8311,,0,0,100
Yangon,MMR013,Yangon (East),Thaketa,MMR013013,220556,256671.4959,256671.4959,0,0.124295204,0.51354758,0.289734961,0.631275844,0.078989194,256671.4959,0,0,,145407.3753,,0,0,100
Yangon,MMR013,Yangon (East),Dawbon,MMR013014,75325,87659.28123,87659.28123,0,0.124295204,0.512180551,0.289734961,0.631275844,0.078989194,87659.28123,0,0,,45189.49422,,0,0,100
Yangon,MMR013,Yangon (East),Tamwe,MMR013015,165313,192382.5922,192382.5922,0,0.124295204,0.548359778,0.289734961,0.631275844,0.078989194,192382.5922,0,0,,104081.3417,,0,0,100
Yangon,MMR013,Yangon (East),Pazundaung,MMR013016,48455,56389.38562,56389.38562,0,0.124295204,0.543266949,0.289734961,0.631275844,0.078989194,56389.38562,0,0,,29069.45825,,0,0,100
Yangon,MMR013,Yangon (East),Botahtaung,MMR013017,40995,47707.82919,47707.82919,0,0.124295204,0.526381266,0.289734961,0.631275844,0.078989194,47707.82919,0,0,,24594.00353,,0,0,100
Yangon,MMR013,Yangon (East),Dagon Myothit (South),MMR013018,371646,432502.1073,432502.1073,0,0.124295204,0.512600701,0.289734961,0.631275844,0.078989194,432502.1073,0,0,,245017.4532,,0,0,100
Yangon,MMR013,Yangon (East),Dagon Myothit (North),MMR013019,203948,237343.9773,237343.9773,0,0.124295204,0.527389335,0.289734961,0.631275844,0.078989194,237343.9773,0,0,,128406.0024,,0,0,100
Yangon,MMR013,Yangon (East),Dagon Myothit (East),MMR013020,165628,192749.1727,181828.566,10920.60664,0.124295204,0.511791485,0.289734961,0.631275844,0.078989194,192749.1727,0,0,,99364.69365,,0,0,100
Yangon,MMR013,Yangon (East),Dagon Myothit (Seikkan),MMR013021,167448,194867.1931,174650.5714,20216.62175,0.124295204,0.506133247,0.289734961,0.631275844,0.078989194,194867.1931,0,0,,105425.5413,,0,0,100
Yangon,MMR013,Yangon (East),Mingalartaungnyunt,MMR013022,132494,154189.5627,154189.5627,0,0.124295204,0.528054101,0.289734961,0.631275844,0.078989194,154189.5627,0,0,,83418.44433,,0,0,100
Yangon,MMR013,Yangon (North),Insein,MMR013001,305283,355272.3313,355272.3313,0,0.124295204,0.521237671,0.289734961,0.631275844,0.078989194,355272.3313,0,0,,201265.8906,,0,0,100
Yangon,MMR013,Yangon (North),Mingaladon,MMR013002,331586,385882.382,230882.8511,154999.5309,0.124295204,0.522721104,0.289734961,0.631275844,0.078989194,385882.382,0,0,,208767.101,,0,0,100
Yangon,MMR013,Yangon (North),Hmawbi,MMR013003,244607,284660.7873,30210.88537,254449.9019,0.124295204,0.505611041,0.289734961,0.631275844,0.078989194,284660.7873,0,0,,146746.3208,,0,0,100
Yangon,MMR013,Yangon (North),Hlegu,MMR013004,270741,315074.1647,46640.67273,268433.492,0.124295204,0.504740693,0.289734961,0.631275844,0.078989194,315074.1647,0,0,,170458.9871,,0,0,100
Yangon,MMR013,Yangon (North),Taikkyi,MMR013005,277268,322669.9447,102409.7809,220260.1638,0.124295204,0.514137946,0.289734961,0.631275844,0.078989194,322669.9447,0,0,,166340.5335,,0,0,100
Yangon,MMR013,Yangon (North),Htantabin,MMR013006,145792,169665.0771,10495.8388,159169.2383,0.124295204,0.507469546,0.289734961,0.631275844,0.078989194,169665.0771,0,0,,87464.54354,,0,0,100
Yangon,MMR013,Yangon (North),Shwepyithar,MMR013007,343526,399777.5273,325610.7347,74166.79259,0.124295204,0.521829498,0.289734961,0.631275844,0.078989194,399777.5273,0,0,,216284.545,,0,0,100
Yangon,MMR013,Yangon (North),Hlaingtharya,MMR013008,687867,800503.5088,561075.2597,239428.2491,0.124295204,0.530633102,0.289734961,0.631275844,0.078989194,800503.5088,0,0,,453494.5095,,0,0,100
Yangon,MMR013,Yangon (South),Thanlyin,MMR013023,268063,311957.6489,100157.9295,211799.7194,0.124295204,0.513036115,0.289734961,0.631275844,0.078989194,311957.6489,0,0,,168772.9138,,0,0,100
Yangon,MMR013,Yangon (South),Kyauktan,MMR013024,167448,194867.1931,60063.33651,134803.8566,0.124295204,0.513544503,0.289734961,0.631275844,0.078989194,194867.1931,0,0,,100456.5606,,0,0,100
Yangon,MMR013,Yangon (South),Thongwa,MMR013025,157876,183727.802,32605.87775,151121.9242,0.124295204,0.521827257,0.289734961,0.631275844,0.078989194,183727.802,0,0,,94714.06027,,0,0,100
Yangon,MMR013,Yangon (South),Kayan,MMR013026,158019,183894.2179,38376.90165,145517.3162,0.124295204,0.522146071,0.289734961,0.631275844,0.078989194,183894.2179,0,0,,94799.84982,,0,0,100
Yangon,MMR013,Yangon (South),Twantay,MMR013027,226836,263979.8303,50148.20772,213831.6226,0.124295204,0.509553157,0.289734961,0.631275844,0.078989194,263979.8303,0,0,,136085.0197,,0,0,100
Yangon,MMR013,Yangon (South),Kawhmu,MMR013028,119050,138544.1411,10008.22859,128535.9125,0.124295204,0.510298194,0.289734961,0.631275844,0.078989194,138544.1411,0,0,,71421.29821,,0,0,100
Yangon,MMR013,Yangon (South),Kungyangon,MMR013029,111632,129911.4621,19349.62986,110561.8322,0.124295204,0.51530923,0.289734961,0.631275844,0.078989194,129911.4621,0,0,,66971.04041,,0,0,100
Yangon,MMR013,Yangon (South),Dala,MMR013030,172857,201161.9034,138911.8853,62250.01808,0.124295204,0.510167364,0.289734961,0.631275844,0.078989194,201161.9034,0,0,,103701.5653,,0,0,100
Yangon,MMR013,Yangon (South),Seikgyikanaungto,MMR013031,34003,39570.9066,39570.9066,0,0.124295204,0.49804429,0.289734961,0.631275844,0.078989194,39570.9066,0,0,,20399.3146,,0,0,100
Yangon,MMR013,Yangon (South),Cocokyun,MMR013032,1940,2257.67017,2257.67017,0,0.124295204,0.332989691,0.289734961,0.631275844,0.078989194,2257.67017,0,0,,1163.858198,,0,0,100
Yangon,MMR013,Yangon (West),Kyauktada,MMR013033,29853,34741.35443,34741.35443,0,0.124295204,0.538505343,0.289734961,0.631275844,0.078989194,34741.35443,0,0,,17909.61794,,0,0,100
Yangon,MMR013,Yangon (West),Pabedan,MMR013034,33336,38794.68701,38794.68701,0,0.124295204,0.544906407,0.289734961,0.631275844,0.078989194,38794.68701,0,0,,19999.16335,,0,0,100
Yangon,MMR013,Yangon (West),Lanmadaw,MMR013035,47160,54882.3326,54882.3326,0,0.124295204,0.572094996,0.289734961,0.631275844,0.078989194,54882.3326,0,0,,28292.55291,,0,0,100
Yangon,MMR013,Yangon (West),Latha,MMR013036,25057,29160.02137,29160.02137,0,0.124295204,0.571856168,0.289734961,0.631275844,0.078989194,29160.02137,0,0,,15032.36849,,0,0,100
Yangon,MMR013,Yangon (West),Ahlone,MMR013037,55482,64567.03938,64567.03938,0,0.124295204,0.539472261,0.289734961,0.631275844,0.078989194,64567.03938,0,0,,33285.14462,,0,0,100
Yangon,MMR013,Yangon (West),Kyeemyindaing,MMR013038,111514,129774.1399,129774.1399,0,0.124295204,0.528068225,0.289734961,0.631275844,0.078989194,129774.1399,0,0,,70209.40119,,0,0,100
Yangon,MMR013,Yangon (West),Sanchaung,MMR013039,99619,115931.3632,115931.3632,0,0.124295204,0.558387456,0.289734961,0.631275844,0.078989194,115931.3632,0,0,,65676.46004,,0,0,100
Yangon,MMR013,Yangon (West),Hlaing,MMR013040,160307,186556.8722,186556.8722,0,0.124295204,0.531966789,0.289734961,0.631275844,0.078989194,186556.8722,0,0,,105686.6289,,0,0,100
Yangon,MMR013,Yangon (West),Kamaryut,MMR013041,84569,98416.96322,98416.96322,0,0.124295204,0.562984072,0.289734961,0.631275844,0.078989194,98416.96322,0,0,,53244.78406,,0,0,100
Yangon,MMR013,Yangon (West),Mayangone,MMR013042,198113,230553.5106,230553.5106,0,0.124295204,0.528592268,0.289734961,0.631275844,0.078989194,230553.5106,0,0,,124732.2766,,0,0,100
Yangon,MMR013,Yangon (West),Dagon,MMR013043,25082,29189.11506,29189.11506,0,0.124295204,0.527709114,0.289734961,0.631275844,0.078989194,29189.11506,0,0,,15047.36667,,0,0,100
Yangon,MMR013,Yangon (West),Bahan,MMR013044,96732,112571.6242,112571.6242,0,0.124295204,0.52944217,0.289734961,0.631275844,0.078989194,112571.6242,0,0,,60902.62923,,0,0,100
Yangon,MMR013,Yangon (West),Seikkan,MMR013045,2826,3288.750465,3288.750465,0,0.124295204,0.3995046,0.289734961,0.631275844,0.078989194,3288.750465,0,0,,1695.393437,,0,0,100
